nome, cpf
Belo nome, 2222222222
nomeee, 555.555.555-55
Feio nome, 4444444444
Outro nome, 6666666666
Outro belo nome, 8888888888
Feio outro nome, 0101101011
Belo nome, 2222222222
Feio nome, 4444444444
Belo nome, 2222222222
Feio nome, 4444444444
Belo nome, 2222222222
Feio nome, 4444444444
Belo nome, 2222222222
Feio nome, 4444444444
Belo nomeFeio nome, 2222222222
Outro nome, 6666666666
Belo nomeFeio nome, 2222222222
Belo nomeFeio nome, 2222222222
Belo nome, 2222222222
Belo nome, 2222222222
Feio nome, 4444444444
Belo nome, 2222222222
Belo nome, 2222222222
Feio nome, 4444444444
Outro nome, 6666666666
Belo nome, 2222222222
Feio nome, 4444444444
Belo nome, 2222222222
Belo nome, 2222222222
Feio nome, 4444444444
Belo nome, 2222222222
Feio nome, 4444444444
Outro nome, 6666666666
Outro belo nome, 8888888888
Feio outro nome, 0101101011
Belo nome, 2222222222
Feio nome, 4444444444
Outro nome, 6666666666
Outro belo nome, 8888888888
Feio outro nome, 0101101011
Belo nome, 2222222222
Feio nome, 4444444444
Outro nome, 6666666666
Outro belo nome, 8888888888
Feio outro nome, 0101101011
Belo nome, 2222222222
Feio nome, 4444444444
Outro nome, 6666666666
Outro belo nome, 8888888888
Feio outro nome, 0101101011
Belo nomeFeio nome, 2222222222
Outro nome, 6666666666
Outro belo nome, 8888888888
Feio outro nome, 0101101011
Belo nome, 2222222222
Feio nome, 4444444444
Outro nome, 6666666666
Outro belo nome, 8888888888
Feio outro nome, 0101101011
Belo nome, 2222222222
Feio nome, 4444444444
Outro nome, 6666666666
Outro belo nome, 8888888888
Feio outro nome, 0101101011
Belo nome, 2222222222
Feio nome, 4444444444
Outro nome, 6666666666
Outro belo nome, 8888888888
Feio outro nome, 0101101011
Belo nome, 2222222222
Feio nome, 4444444444
Outro nome, 6666666666
Outro belo nome, 8888888888
Feio outro nome, 0101101011
Belo nome, 2222222222
Feio nome, 4444444444
Outro nome, 6666666666
Outro belo nome, 8888888888
Feio outro nome, 0101101011
Feio nome, 4444444444
Outro nome, 6666666666
Outro belo nome, 8888888888
Feio outro nome, 0101101011
Belo nome, 2222222222
Feio nome, 4444444444
Outro nome, 6666666666
Outro belo nome, 8888888888
Feio outro nome, 0101101011
Belo nome, 2222222222
Feio nome, 4444444444
Outro nome, 6666666666
Outro belo nome, 8888888888
Feio outro nome, 0101101011
Belo nome, 2222222222
Feio nome, 4444444444
Outro nome, 6666666666
Outro belo nome, 8888888888
Feio outro nome, 0101101011
